city,avg_temp_f_mean,avg_temp_f_std,avg_temp_f_min,avg_temp_f_max,energy_consumption_mw_mean,energy_consumption_mw_std,energy_consumption_mw_min,energy_consumption_mw_max,temp_energy_corr
chicago,36.35287356321839,0.6765488827901491,34.6,37.5,123434.72413793103,15476.937902997739,80593,158200,0.5710985296245626
houston,37.40344827586207,0.2580870034760998,36.41,37.85,75330.42528735632,4812.0657910602795,62262,82638,0.620419801220184
new_york,36.39206896551724,0.6548639800735392,34.6,37.8,23003.885057471263,3706.4546352786756,15335,31720,0.8070148318257894
phoenix,38.43609195402299,0.5188501516027817,36.6,39.39,6622.574712643678,1061.5557323294363,2004,8387,0.5556643190360823
seattle,35.4632183908046,0.5602044773134457,34.2,36.8,1118.7471264367816,121.06419769104681,920,1449,0.555748986954392
